insert into LETTCCMMNCLCODE(CL_CODE,CL_CODE_NM,CL_CODE_DC,USE_AT,FRST_REGIST_PNTTM,FRST_REGISTER_ID,LAST_UPDT_PNTTM,LAST_UPDUSR_ID) values ('NGI','변동관리','변동관리1','Y',CURRENT_TIMESTAMP,'SYSTEM',CURRENT_TIMESTAMP,'SYSTEM');

insert into LETTCCMMNCODE(CODE_ID,CODE_ID_NM,CODE_ID_DC,USE_AT,CL_CODE,FRST_REGIST_PNTTM,FRST_REGISTER_ID,LAST_UPDT_PNTTM,LAST_UPDUSR_ID) values ('CHG001','변경구분','변경구분코드','Y','NGI',CURRENT_TIMESTAMP,'SYSTEM',CURRENT_TIMESTAMP,'SYSTEM');
insert into LETTCCMMNCODE(CODE_ID,CODE_ID_NM,CODE_ID_DC,USE_AT,CL_CODE,FRST_REGIST_PNTTM,FRST_REGISTER_ID,LAST_UPDT_PNTTM,LAST_UPDUSR_ID) values ('CHG002','변동구분','변동신고구분코드','Y','NGI',CURRENT_TIMESTAMP,'SYSTEM',CURRENT_TIMESTAMP,'SYSTEM');
insert into LETTCCMMNCODE(CODE_ID,CODE_ID_NM,CODE_ID_DC,USE_AT,CL_CODE,FRST_REGIST_PNTTM,FRST_REGISTER_ID,LAST_UPDT_PNTTM,LAST_UPDUSR_ID) values ('CHG003','변동유형','변동유형구분코드','Y','NGI',CURRENT_TIMESTAMP,'SYSTEM',CURRENT_TIMESTAMP,'SYSTEM');
insert into LETTCCMMNCODE(CODE_ID,CODE_ID_NM,CODE_ID_DC,USE_AT,CL_CODE,FRST_REGIST_PNTTM,FRST_REGISTER_ID,LAST_UPDT_PNTTM,LAST_UPDUSR_ID) values ('CHG004','변동상태','변동상태구분코드','Y','NGI',CURRENT_TIMESTAMP,'SYSTEM',CURRENT_TIMESTAMP,'SYSTEM');
insert into LETTCCMMNCODE(CODE_ID,CODE_ID_NM,CODE_ID_DC,USE_AT,CL_CODE,FRST_REGIST_PNTTM,FRST_REGISTER_ID,LAST_UPDT_PNTTM,LAST_UPDUSR_ID) values ('CHG005','처리상태','처리상태구분코드','Y','NGI',CURRENT_TIMESTAMP,'SYSTEM',CURRENT_TIMESTAMP,'SYSTEM');
insert into LETTCCMMNCODE(CODE_ID,CODE_ID_NM,CODE_ID_DC,USE_AT,CL_CODE,FRST_REGIST_PNTTM,FRST_REGISTER_ID,LAST_UPDT_PNTTM,LAST_UPDUSR_ID) values ('CHG006','목록상태','목록상태구분코드','Y','NGI',CURRENT_TIMESTAMP,'SYSTEM',CURRENT_TIMESTAMP,'SYSTEM');
insert into LETTCCMMNCODE(CODE_ID,CODE_ID_NM,CODE_ID_DC,USE_AT,CL_CODE,FRST_REGIST_PNTTM,FRST_REGISTER_ID,LAST_UPDT_PNTTM,LAST_UPDUSR_ID) values ('CHG007','작업상태','작업상태구분코드','Y','NGI',CURRENT_TIMESTAMP,'SYSTEM',CURRENT_TIMESTAMP,'SYSTEM');
insert into LETTCCMMNCODE(CODE_ID,CODE_ID_NM,CODE_ID_DC,USE_AT,CL_CODE,FRST_REGIST_PNTTM,FRST_REGISTER_ID,LAST_UPDT_PNTTM,LAST_UPDUSR_ID) values ('CHG008','보완요청구분','보완요청구분코드','Y','NGI',CURRENT_TIMESTAMP,'SYSTEM',CURRENT_TIMESTAMP,'SYSTEM');
insert into LETTCCMMNCODE(CODE_ID,CODE_ID_NM,CODE_ID_DC,USE_AT,CL_CODE,FRST_REGIST_PNTTM,FRST_REGISTER_ID,LAST_UPDT_PNTTM,LAST_UPDUSR_ID) values ('CHG009','준공구분','준공구분코드','Y','NGI',CURRENT_TIMESTAMP,'SYSTEM',CURRENT_TIMESTAMP,'SYSTEM');
insert into LETTCCMMNCODE(CODE_ID,CODE_ID_NM,CODE_ID_DC,USE_AT,CL_CODE,FRST_REGIST_PNTTM,FRST_REGISTER_ID,LAST_UPDT_PNTTM,LAST_UPDUSR_ID) values ('CHG010','좌표계구분','좌표계구분코드','Y','NGI',CURRENT_TIMESTAMP,'SYSTEM',CURRENT_TIMESTAMP,'SYSTEM');
insert into LETTCCMMNCODE(CODE_ID,CODE_ID_NM,CODE_ID_DC,USE_AT,CL_CODE,FRST_REGIST_PNTTM,FRST_REGISTER_ID,LAST_UPDT_PNTTM,LAST_UPDUSR_ID) values ('CHG011','성과구분','성과구분코드','Y','NGI',CURRENT_TIMESTAMP,'SYSTEM',CURRENT_TIMESTAMP,'SYSTEM');
insert into LETTCCMMNCODE(CODE_ID,CODE_ID_NM,CODE_ID_DC,USE_AT,CL_CODE,FRST_REGIST_PNTTM,FRST_REGISTER_ID,LAST_UPDT_PNTTM,LAST_UPDUSR_ID) values ('CHG012','축적구분','축적구분코드','Y','NGI',CURRENT_TIMESTAMP,'SYSTEM',CURRENT_TIMESTAMP,'SYSTEM');
insert into LETTCCMMNCODE(CODE_ID,CODE_ID_NM,CODE_ID_DC,USE_AT,CL_CODE,FRST_REGIST_PNTTM,FRST_REGISTER_ID,LAST_UPDT_PNTTM,LAST_UPDUSR_ID) values ('CHG013','첨부파일확장자구분','첨부파일확장자구분코드','Y','NGI',CURRENT_TIMESTAMP,'SYSTEM',CURRENT_TIMESTAMP,'SYSTEM');
insert into LETTCCMMNCODE(CODE_ID,CODE_ID_NM,CODE_ID_DC,USE_AT,CL_CODE,FRST_REGIST_PNTTM,FRST_REGISTER_ID,LAST_UPDT_PNTTM,LAST_UPDUSR_ID) values ('CHG014','첨부파일구분','첨부파일구분코드','Y','NGI',CURRENT_TIMESTAMP,'SYSTEM',CURRENT_TIMESTAMP,'SYSTEM');
insert into LETTCCMMNCODE(CODE_ID,CODE_ID_NM,CODE_ID_DC,USE_AT,CL_CODE,FRST_REGIST_PNTTM,FRST_REGISTER_ID,LAST_UPDT_PNTTM,LAST_UPDUSR_ID) values ('CHG015','통계구분','통계구분코드','Y','NGI',CURRENT_TIMESTAMP,'SYSTEM',CURRENT_TIMESTAMP,'SYSTEM');
insert into LETTCCMMNCODE(CODE_ID,CODE_ID_NM,CODE_ID_DC,USE_AT,CL_CODE,FRST_REGIST_PNTTM,FRST_REGISTER_ID,LAST_UPDT_PNTTM,LAST_UPDUSR_ID) values ('CHG016','기관구분','기관구분코드','Y','NGI',CURRENT_TIMESTAMP,'SYSTEM',CURRENT_TIMESTAMP,'SYSTEM');
insert into LETTCCMMNCODE(CODE_ID,CODE_ID_NM,CODE_ID_DC,USE_AT,CL_CODE,FRST_REGIST_PNTTM,FRST_REGISTER_ID,LAST_UPDT_PNTTM,LAST_UPDUSR_ID) values ('CHG017','API구분','API구분코드','Y','NGI',CURRENT_TIMESTAMP,'SYSTEM',CURRENT_TIMESTAMP,'SYSTEM');
insert into LETTCCMMNCODE(CODE_ID,CODE_ID_NM,CODE_ID_DC,USE_AT,CL_CODE,FRST_REGIST_PNTTM,FRST_REGISTER_ID,LAST_UPDT_PNTTM,LAST_UPDUSR_ID) values ('CHG018','소속기관명','소속기관명구분코드','Y','NGI',CURRENT_TIMESTAMP,'SYSTEM',CURRENT_TIMESTAMP,'SYSTEM');
insert into LETTCCMMNCODE(CODE_ID,CODE_ID_NM,CODE_ID_DC,USE_AT,CL_CODE,FRST_REGIST_PNTTM,FRST_REGISTER_ID,LAST_UPDT_PNTTM,LAST_UPDUSR_ID) values ('CHG019','계획기관명','계획기관명구분코드','Y','NGI',CURRENT_TIMESTAMP,'SYSTEM',CURRENT_TIMESTAMP,'SYSTEM');
insert into LETTCCMMNCODE(CODE_ID,CODE_ID_NM,CODE_ID_DC,USE_AT,CL_CODE,FRST_REGIST_PNTTM,FRST_REGISTER_ID,LAST_UPDT_PNTTM,LAST_UPDUSR_ID) values ('CHG020','감독기관명','감독획기관명구분코드','Y','NGI',CURRENT_TIMESTAMP,'SYSTEM',CURRENT_TIMESTAMP,'SYSTEM');
insert into LETTCCMMNCODE(CODE_ID,CODE_ID_NM,CODE_ID_DC,USE_AT,CL_CODE,FRST_REGIST_PNTTM,FRST_REGISTER_ID,LAST_UPDT_PNTTM,LAST_UPDUSR_ID) values ('CHG021','취득방법','취득방법구분코드','Y','NGI',CURRENT_TIMESTAMP,'SYSTEM',CURRENT_TIMESTAMP,'SYSTEM');



insert into LETTCCMMNDETAILCODE(CODE_ID,CODE,CODE_NM,CODE_DC,USE_AT,FRST_REGIST_PNTTM,FRST_REGISTER_ID,LAST_UPDT_PNTTM,LAST_UPDUSR_ID) values ('CHG001','00','변경없음','변경없음','Y',CURRENT_TIMESTAMP,'SYSTEM',CURRENT_TIMESTAMP,'SYSTEM');
insert into LETTCCMMNDETAILCODE(CODE_ID,CODE,CODE_NM,CODE_DC,USE_AT,FRST_REGIST_PNTTM,FRST_REGISTER_ID,LAST_UPDT_PNTTM,LAST_UPDUSR_ID) values ('CHG001','01','신규','신규','Y',CURRENT_TIMESTAMP,'SYSTEM',CURRENT_TIMESTAMP,'SYSTEM');
insert into LETTCCMMNDETAILCODE(CODE_ID,CODE,CODE_NM,CODE_DC,USE_AT,FRST_REGIST_PNTTM,FRST_REGISTER_ID,LAST_UPDT_PNTTM,LAST_UPDUSR_ID) values ('CHG001','02','변경','변경','Y',CURRENT_TIMESTAMP,'SYSTEM',CURRENT_TIMESTAMP,'SYSTEM');
insert into LETTCCMMNDETAILCODE(CODE_ID,CODE,CODE_NM,CODE_DC,USE_AT,FRST_REGIST_PNTTM,FRST_REGISTER_ID,LAST_UPDT_PNTTM,LAST_UPDUSR_ID) values ('CHG001','03','삭제','삭제','Y',CURRENT_TIMESTAMP,'SYSTEM',CURRENT_TIMESTAMP,'SYSTEM');

insert into LETTCCMMNDETAILCODE(CODE_ID,CODE,CODE_NM,CODE_DC,USE_AT,FRST_REGIST_PNTTM,FRST_REGISTER_ID,LAST_UPDT_PNTTM,LAST_UPDUSR_ID) values ('CHG002','01','일반신고','일반신고','Y',CURRENT_TIMESTAMP,'SYSTEM',CURRENT_TIMESTAMP,'SYSTEM');
insert into LETTCCMMNDETAILCODE(CODE_ID,CODE,CODE_NM,CODE_DC,USE_AT,FRST_REGIST_PNTTM,FRST_REGISTER_ID,LAST_UPDT_PNTTM,LAST_UPDUSR_ID) values ('CHG002','02','기관신고','기관신고','Y',CURRENT_TIMESTAMP,'SYSTEM',CURRENT_TIMESTAMP,'SYSTEM');

insert into LETTCCMMNDETAILCODE(CODE_ID,CODE,CODE_NM,CODE_DC,USE_AT,FRST_REGIST_PNTTM,FRST_REGISTER_ID,LAST_UPDT_PNTTM,LAST_UPDUSR_ID) values ('CHG003','01','도로','도로','Y',CURRENT_TIMESTAMP,'SYSTEM',CURRENT_TIMESTAMP,'SYSTEM');
insert into LETTCCMMNDETAILCODE(CODE_ID,CODE,CODE_NM,CODE_DC,USE_AT,FRST_REGIST_PNTTM,FRST_REGISTER_ID,LAST_UPDT_PNTTM,LAST_UPDUSR_ID) values ('CHG003','02','택지','택지','Y',CURRENT_TIMESTAMP,'SYSTEM',CURRENT_TIMESTAMP,'SYSTEM');
insert into LETTCCMMNDETAILCODE(CODE_ID,CODE,CODE_NM,CODE_DC,USE_AT,FRST_REGIST_PNTTM,FRST_REGISTER_ID,LAST_UPDT_PNTTM,LAST_UPDUSR_ID) values ('CHG003','03','하천','하천','Y',CURRENT_TIMESTAMP,'SYSTEM',CURRENT_TIMESTAMP,'SYSTEM');
insert into LETTCCMMNDETAILCODE(CODE_ID,CODE,CODE_NM,CODE_DC,USE_AT,FRST_REGIST_PNTTM,FRST_REGISTER_ID,LAST_UPDT_PNTTM,LAST_UPDUSR_ID) values ('CHG003','04','철도','철도','Y',CURRENT_TIMESTAMP,'SYSTEM',CURRENT_TIMESTAMP,'SYSTEM');
insert into LETTCCMMNDETAILCODE(CODE_ID,CODE,CODE_NM,CODE_DC,USE_AT,FRST_REGIST_PNTTM,FRST_REGISTER_ID,LAST_UPDT_PNTTM,LAST_UPDUSR_ID) values ('CHG003','05','산업','산업','Y',CURRENT_TIMESTAMP,'SYSTEM',CURRENT_TIMESTAMP,'SYSTEM');
insert into LETTCCMMNDETAILCODE(CODE_ID,CODE,CODE_NM,CODE_DC,USE_AT,FRST_REGIST_PNTTM,FRST_REGISTER_ID,LAST_UPDT_PNTTM,LAST_UPDUSR_ID) values ('CHG003','06','항만','항만','Y',CURRENT_TIMESTAMP,'SYSTEM',CURRENT_TIMESTAMP,'SYSTEM');
insert into LETTCCMMNDETAILCODE(CODE_ID,CODE,CODE_NM,CODE_DC,USE_AT,FRST_REGIST_PNTTM,FRST_REGISTER_ID,LAST_UPDT_PNTTM,LAST_UPDUSR_ID) values ('CHG003','07','수자원','수자원','Y',CURRENT_TIMESTAMP,'SYSTEM',CURRENT_TIMESTAMP,'SYSTEM');
insert into LETTCCMMNDETAILCODE(CODE_ID,CODE,CODE_NM,CODE_DC,USE_AT,FRST_REGIST_PNTTM,FRST_REGISTER_ID,LAST_UPDT_PNTTM,LAST_UPDUSR_ID) values ('CHG003','08','공항','공항','Y',CURRENT_TIMESTAMP,'SYSTEM',CURRENT_TIMESTAMP,'SYSTEM');
insert into LETTCCMMNDETAILCODE(CODE_ID,CODE,CODE_NM,CODE_DC,USE_AT,FRST_REGIST_PNTTM,FRST_REGISTER_ID,LAST_UPDT_PNTTM,LAST_UPDUSR_ID) values ('CHG003','09','매립','매립','Y',CURRENT_TIMESTAMP,'SYSTEM',CURRENT_TIMESTAMP,'SYSTEM');
insert into LETTCCMMNDETAILCODE(CODE_ID,CODE,CODE_NM,CODE_DC,USE_AT,FRST_REGIST_PNTTM,FRST_REGISTER_ID,LAST_UPDT_PNTTM,LAST_UPDUSR_ID) values ('CHG003','10','관광','관광','Y',CURRENT_TIMESTAMP,'SYSTEM',CURRENT_TIMESTAMP,'SYSTEM');
insert into LETTCCMMNDETAILCODE(CODE_ID,CODE,CODE_NM,CODE_DC,USE_AT,FRST_REGIST_PNTTM,FRST_REGISTER_ID,LAST_UPDT_PNTTM,LAST_UPDUSR_ID) values ('CHG003','11','특정','특정','Y',CURRENT_TIMESTAMP,'SYSTEM',CURRENT_TIMESTAMP,'SYSTEM');
insert into LETTCCMMNDETAILCODE(CODE_ID,CODE,CODE_NM,CODE_DC,USE_AT,FRST_REGIST_PNTTM,FRST_REGISTER_ID,LAST_UPDT_PNTTM,LAST_UPDUSR_ID) values ('CHG003','12','체육','체육','Y',CURRENT_TIMESTAMP,'SYSTEM',CURRENT_TIMESTAMP,'SYSTEM');
insert into LETTCCMMNDETAILCODE(CODE_ID,CODE,CODE_NM,CODE_DC,USE_AT,FRST_REGIST_PNTTM,FRST_REGISTER_ID,LAST_UPDT_PNTTM,LAST_UPDUSR_ID) values ('CHG003','13','폐기물','폐기물','Y',CURRENT_TIMESTAMP,'SYSTEM',CURRENT_TIMESTAMP,'SYSTEM');
insert into LETTCCMMNDETAILCODE(CODE_ID,CODE,CODE_NM,CODE_DC,USE_AT,FRST_REGIST_PNTTM,FRST_REGISTER_ID,LAST_UPDT_PNTTM,LAST_UPDUSR_ID) values ('CHG003','14','주기','주기','Y',CURRENT_TIMESTAMP,'SYSTEM',CURRENT_TIMESTAMP,'SYSTEM');

insert into LETTCCMMNDETAILCODE(CODE_ID,CODE,CODE_NM,CODE_DC,USE_AT,FRST_REGIST_PNTTM,FRST_REGISTER_ID,LAST_UPDT_PNTTM,LAST_UPDUSR_ID) values ('CHG004','01','접수중','접수중','Y',CURRENT_TIMESTAMP,'SYSTEM',CURRENT_TIMESTAMP,'SYSTEM');
insert into LETTCCMMNDETAILCODE(CODE_ID,CODE,CODE_NM,CODE_DC,USE_AT,FRST_REGIST_PNTTM,FRST_REGISTER_ID,LAST_UPDT_PNTTM,LAST_UPDUSR_ID) values ('CHG004','02','접수완료','접수완료','Y',CURRENT_TIMESTAMP,'SYSTEM',CURRENT_TIMESTAMP,'SYSTEM');
insert into LETTCCMMNDETAILCODE(CODE_ID,CODE,CODE_NM,CODE_DC,USE_AT,FRST_REGIST_PNTTM,FRST_REGISTER_ID,LAST_UPDT_PNTTM,LAST_UPDUSR_ID) values ('CHG004','03','보완','보완','Y',CURRENT_TIMESTAMP,'SYSTEM',CURRENT_TIMESTAMP,'SYSTEM');
insert into LETTCCMMNDETAILCODE(CODE_ID,CODE,CODE_NM,CODE_DC,USE_AT,FRST_REGIST_PNTTM,FRST_REGISTER_ID,LAST_UPDT_PNTTM,LAST_UPDUSR_ID) values ('CHG004','04','보류','보류','Y',CURRENT_TIMESTAMP,'SYSTEM',CURRENT_TIMESTAMP,'SYSTEM');
insert into LETTCCMMNDETAILCODE(CODE_ID,CODE,CODE_NM,CODE_DC,USE_AT,FRST_REGIST_PNTTM,FRST_REGISTER_ID,LAST_UPDT_PNTTM,LAST_UPDUSR_ID) values ('CHG004','05','반려','반려','Y',CURRENT_TIMESTAMP,'SYSTEM',CURRENT_TIMESTAMP,'SYSTEM');
insert into LETTCCMMNDETAILCODE(CODE_ID,CODE,CODE_NM,CODE_DC,USE_AT,FRST_REGIST_PNTTM,FRST_REGISTER_ID,LAST_UPDT_PNTTM,LAST_UPDUSR_ID) values ('CHG004','06','접수취소','접수취소','Y',CURRENT_TIMESTAMP,'SYSTEM',CURRENT_TIMESTAMP,'SYSTEM');
insert into LETTCCMMNDETAILCODE(CODE_ID,CODE,CODE_NM,CODE_DC,USE_AT,FRST_REGIST_PNTTM,FRST_REGISTER_ID,LAST_UPDT_PNTTM,LAST_UPDUSR_ID) values ('CHG004','07','지도수정중','지도수정중','Y',CURRENT_TIMESTAMP,'SYSTEM',CURRENT_TIMESTAMP,'SYSTEM');
insert into LETTCCMMNDETAILCODE(CODE_ID,CODE,CODE_NM,CODE_DC,USE_AT,FRST_REGIST_PNTTM,FRST_REGISTER_ID,LAST_UPDT_PNTTM,LAST_UPDUSR_ID) values ('CHG004','11','지도수정완료','지도수정완료','Y',CURRENT_TIMESTAMP,'SYSTEM',CURRENT_TIMESTAMP,'SYSTEM');

insert into LETTCCMMNDETAILCODE(CODE_ID,CODE,CODE_NM,CODE_DC,USE_AT,FRST_REGIST_PNTTM,FRST_REGISTER_ID,LAST_UPDT_PNTTM,LAST_UPDUSR_ID) values ('CHG005','01','접수중','접수중','Y',CURRENT_TIMESTAMP,'SYSTEM',CURRENT_TIMESTAMP,'SYSTEM');
insert into LETTCCMMNDETAILCODE(CODE_ID,CODE,CODE_NM,CODE_DC,USE_AT,FRST_REGIST_PNTTM,FRST_REGISTER_ID,LAST_UPDT_PNTTM,LAST_UPDUSR_ID) values ('CHG005','02','접수완료','접수완료','Y',CURRENT_TIMESTAMP,'SYSTEM',CURRENT_TIMESTAMP,'SYSTEM');
insert into LETTCCMMNDETAILCODE(CODE_ID,CODE,CODE_NM,CODE_DC,USE_AT,FRST_REGIST_PNTTM,FRST_REGISTER_ID,LAST_UPDT_PNTTM,LAST_UPDUSR_ID) values ('CHG005','03','보완필요','보완필요','Y',CURRENT_TIMESTAMP,'SYSTEM',CURRENT_TIMESTAMP,'SYSTEM');
insert into LETTCCMMNDETAILCODE(CODE_ID,CODE,CODE_NM,CODE_DC,USE_AT,FRST_REGIST_PNTTM,FRST_REGISTER_ID,LAST_UPDT_PNTTM,LAST_UPDUSR_ID) values ('CHG005','04','지도수정중','지도수정중','Y',CURRENT_TIMESTAMP,'SYSTEM',CURRENT_TIMESTAMP,'SYSTEM');
insert into LETTCCMMNDETAILCODE(CODE_ID,CODE,CODE_NM,CODE_DC,USE_AT,FRST_REGIST_PNTTM,FRST_REGISTER_ID,LAST_UPDT_PNTTM,LAST_UPDUSR_ID) values ('CHG005','05','검수중','검수중','Y',CURRENT_TIMESTAMP,'SYSTEM',CURRENT_TIMESTAMP,'SYSTEM');
insert into LETTCCMMNDETAILCODE(CODE_ID,CODE,CODE_NM,CODE_DC,USE_AT,FRST_REGIST_PNTTM,FRST_REGISTER_ID,LAST_UPDT_PNTTM,LAST_UPDUSR_ID) values ('CHG005','06','검수보완요청','검수보완요청','Y',CURRENT_TIMESTAMP,'SYSTEM',CURRENT_TIMESTAMP,'SYSTEM');
insert into LETTCCMMNDETAILCODE(CODE_ID,CODE,CODE_NM,CODE_DC,USE_AT,FRST_REGIST_PNTTM,FRST_REGISTER_ID,LAST_UPDT_PNTTM,LAST_UPDUSR_ID) values ('CHG005','07','검수완료','검수완료','Y',CURRENT_TIMESTAMP,'SYSTEM',CURRENT_TIMESTAMP,'SYSTEM');
insert into LETTCCMMNDETAILCODE(CODE_ID,CODE,CODE_NM,CODE_DC,USE_AT,FRST_REGIST_PNTTM,FRST_REGISTER_ID,LAST_UPDT_PNTTM,LAST_UPDUSR_ID) values ('CHG005','08','지형고시','지형고시','Y',CURRENT_TIMESTAMP,'SYSTEM',CURRENT_TIMESTAMP,'SYSTEM');
insert into LETTCCMMNDETAILCODE(CODE_ID,CODE,CODE_NM,CODE_DC,USE_AT,FRST_REGIST_PNTTM,FRST_REGISTER_ID,LAST_UPDT_PNTTM,LAST_UPDUSR_ID) values ('CHG005','09','보류','보류','Y',CURRENT_TIMESTAMP,'SYSTEM',CURRENT_TIMESTAMP,'SYSTEM');
insert into LETTCCMMNDETAILCODE(CODE_ID,CODE,CODE_NM,CODE_DC,USE_AT,FRST_REGIST_PNTTM,FRST_REGISTER_ID,LAST_UPDT_PNTTM,LAST_UPDUSR_ID) values ('CHG005','10','반려','반려','Y',CURRENT_TIMESTAMP,'SYSTEM',CURRENT_TIMESTAMP,'SYSTEM');

insert into LETTCCMMNDETAILCODE(CODE_ID,CODE,CODE_NM,CODE_DC,USE_AT,FRST_REGIST_PNTTM,FRST_REGISTER_ID,LAST_UPDT_PNTTM,LAST_UPDUSR_ID) values ('CHG006','01','접수완료','접수완료','Y',CURRENT_TIMESTAMP,'SYSTEM',CURRENT_TIMESTAMP,'SYSTEM');
insert into LETTCCMMNDETAILCODE(CODE_ID,CODE,CODE_NM,CODE_DC,USE_AT,FRST_REGIST_PNTTM,FRST_REGISTER_ID,LAST_UPDT_PNTTM,LAST_UPDUSR_ID) values ('CHG006','02','보완필요','보완필요','Y',CURRENT_TIMESTAMP,'SYSTEM',CURRENT_TIMESTAMP,'SYSTEM');
insert into LETTCCMMNDETAILCODE(CODE_ID,CODE,CODE_NM,CODE_DC,USE_AT,FRST_REGIST_PNTTM,FRST_REGISTER_ID,LAST_UPDT_PNTTM,LAST_UPDUSR_ID) values ('CHG006','03','지도수정중','지도수정중','Y',CURRENT_TIMESTAMP,'SYSTEM',CURRENT_TIMESTAMP,'SYSTEM');
insert into LETTCCMMNDETAILCODE(CODE_ID,CODE,CODE_NM,CODE_DC,USE_AT,FRST_REGIST_PNTTM,FRST_REGISTER_ID,LAST_UPDT_PNTTM,LAST_UPDUSR_ID) values ('CHG006','04','검수중','검수중','Y',CURRENT_TIMESTAMP,'SYSTEM',CURRENT_TIMESTAMP,'SYSTEM');
insert into LETTCCMMNDETAILCODE(CODE_ID,CODE,CODE_NM,CODE_DC,USE_AT,FRST_REGIST_PNTTM,FRST_REGISTER_ID,LAST_UPDT_PNTTM,LAST_UPDUSR_ID) values ('CHG006','05','검수보완요청','검수보완요청','Y',CURRENT_TIMESTAMP,'SYSTEM',CURRENT_TIMESTAMP,'SYSTEM');
insert into LETTCCMMNDETAILCODE(CODE_ID,CODE,CODE_NM,CODE_DC,USE_AT,FRST_REGIST_PNTTM,FRST_REGISTER_ID,LAST_UPDT_PNTTM,LAST_UPDUSR_ID) values ('CHG006','06','검수완료','검수완료','Y',CURRENT_TIMESTAMP,'SYSTEM',CURRENT_TIMESTAMP,'SYSTEM');
insert into LETTCCMMNDETAILCODE(CODE_ID,CODE,CODE_NM,CODE_DC,USE_AT,FRST_REGIST_PNTTM,FRST_REGISTER_ID,LAST_UPDT_PNTTM,LAST_UPDUSR_ID) values ('CHG006','07','지형고시','지형고시','Y',CURRENT_TIMESTAMP,'SYSTEM',CURRENT_TIMESTAMP,'SYSTEM');
insert into LETTCCMMNDETAILCODE(CODE_ID,CODE,CODE_NM,CODE_DC,USE_AT,FRST_REGIST_PNTTM,FRST_REGISTER_ID,LAST_UPDT_PNTTM,LAST_UPDUSR_ID) values ('CHG006','08','보류','보류','Y',CURRENT_TIMESTAMP,'SYSTEM',CURRENT_TIMESTAMP,'SYSTEM');
insert into LETTCCMMNDETAILCODE(CODE_ID,CODE,CODE_NM,CODE_DC,USE_AT,FRST_REGIST_PNTTM,FRST_REGISTER_ID,LAST_UPDT_PNTTM,LAST_UPDUSR_ID) values ('CHG006','09','반려','반려','Y',CURRENT_TIMESTAMP,'SYSTEM',CURRENT_TIMESTAMP,'SYSTEM');

insert into LETTCCMMNDETAILCODE(CODE_ID,CODE,CODE_NM,CODE_DC,USE_AT,FRST_REGIST_PNTTM,FRST_REGISTER_ID,LAST_UPDT_PNTTM,LAST_UPDUSR_ID) values ('CHG007','01','검수중','검수중','Y',CURRENT_TIMESTAMP,'SYSTEM',CURRENT_TIMESTAMP,'SYSTEM');
insert into LETTCCMMNDETAILCODE(CODE_ID,CODE,CODE_NM,CODE_DC,USE_AT,FRST_REGIST_PNTTM,FRST_REGISTER_ID,LAST_UPDT_PNTTM,LAST_UPDUSR_ID) values ('CHG007','02','검수보완요청','검수보완요청','Y',CURRENT_TIMESTAMP,'SYSTEM',CURRENT_TIMESTAMP,'SYSTEM');
insert into LETTCCMMNDETAILCODE(CODE_ID,CODE,CODE_NM,CODE_DC,USE_AT,FRST_REGIST_PNTTM,FRST_REGISTER_ID,LAST_UPDT_PNTTM,LAST_UPDUSR_ID) values ('CHG007','03','검수완료','검수완료','Y',CURRENT_TIMESTAMP,'SYSTEM',CURRENT_TIMESTAMP,'SYSTEM');

insert into LETTCCMMNDETAILCODE(CODE_ID,CODE,CODE_NM,CODE_DC,USE_AT,FRST_REGIST_PNTTM,FRST_REGISTER_ID,LAST_UPDT_PNTTM,LAST_UPDUSR_ID) values ('CHG008','01','보류','보류','Y',CURRENT_TIMESTAMP,'SYSTEM',CURRENT_TIMESTAMP,'SYSTEM');
insert into LETTCCMMNDETAILCODE(CODE_ID,CODE,CODE_NM,CODE_DC,USE_AT,FRST_REGIST_PNTTM,FRST_REGISTER_ID,LAST_UPDT_PNTTM,LAST_UPDUSR_ID) values ('CHG008','02','반려','반려','Y',CURRENT_TIMESTAMP,'SYSTEM',CURRENT_TIMESTAMP,'SYSTEM');
insert into LETTCCMMNDETAILCODE(CODE_ID,CODE,CODE_NM,CODE_DC,USE_AT,FRST_REGIST_PNTTM,FRST_REGISTER_ID,LAST_UPDT_PNTTM,LAST_UPDUSR_ID) values ('CHG008','03','보완요청','보완요청','Y',CURRENT_TIMESTAMP,'SYSTEM',CURRENT_TIMESTAMP,'SYSTEM');

insert into LETTCCMMNDETAILCODE(CODE_ID,CODE,CODE_NM,CODE_DC,USE_AT,FRST_REGIST_PNTTM,FRST_REGISTER_ID,LAST_UPDT_PNTTM,LAST_UPDUSR_ID) values ('CHG009','01','완전준공','완전준공','Y',CURRENT_TIMESTAMP,'SYSTEM',CURRENT_TIMESTAMP,'SYSTEM');
insert into LETTCCMMNDETAILCODE(CODE_ID,CODE,CODE_NM,CODE_DC,USE_AT,FRST_REGIST_PNTTM,FRST_REGISTER_ID,LAST_UPDT_PNTTM,LAST_UPDUSR_ID) values ('CHG009','02','부분준공','부분준공','Y',CURRENT_TIMESTAMP,'SYSTEM',CURRENT_TIMESTAMP,'SYSTEM');

insert into LETTCCMMNDETAILCODE(CODE_ID,CODE,CODE_NM,CODE_DC,USE_AT,FRST_REGIST_PNTTM,FRST_REGISTER_ID,LAST_UPDT_PNTTM,LAST_UPDUSR_ID) values ('CHG010','01','동경측지계(서부)','동경측지계(서부)','Y',CURRENT_TIMESTAMP,'SYSTEM',CURRENT_TIMESTAMP,'SYSTEM');
insert into LETTCCMMNDETAILCODE(CODE_ID,CODE,CODE_NM,CODE_DC,USE_AT,FRST_REGIST_PNTTM,FRST_REGISTER_ID,LAST_UPDT_PNTTM,LAST_UPDUSR_ID) values ('CHG010','02','동경측지계(중부)','동경측지계(중부)','Y',CURRENT_TIMESTAMP,'SYSTEM',CURRENT_TIMESTAMP,'SYSTEM');
insert into LETTCCMMNDETAILCODE(CODE_ID,CODE,CODE_NM,CODE_DC,USE_AT,FRST_REGIST_PNTTM,FRST_REGISTER_ID,LAST_UPDT_PNTTM,LAST_UPDUSR_ID) values ('CHG010','03','동경측지계(동부)','동경측지계(동부)','Y',CURRENT_TIMESTAMP,'SYSTEM',CURRENT_TIMESTAMP,'SYSTEM');
insert into LETTCCMMNDETAILCODE(CODE_ID,CODE,CODE_NM,CODE_DC,USE_AT,FRST_REGIST_PNTTM,FRST_REGISTER_ID,LAST_UPDT_PNTTM,LAST_UPDUSR_ID) values ('CHG010','04','세계측지계(서부)','세계측지계(서부)','Y',CURRENT_TIMESTAMP,'SYSTEM',CURRENT_TIMESTAMP,'SYSTEM');
insert into LETTCCMMNDETAILCODE(CODE_ID,CODE,CODE_NM,CODE_DC,USE_AT,FRST_REGIST_PNTTM,FRST_REGISTER_ID,LAST_UPDT_PNTTM,LAST_UPDUSR_ID) values ('CHG010','05','세계측지계(중부)','세계측지계(중부)','Y',CURRENT_TIMESTAMP,'SYSTEM',CURRENT_TIMESTAMP,'SYSTEM');
insert into LETTCCMMNDETAILCODE(CODE_ID,CODE,CODE_NM,CODE_DC,USE_AT,FRST_REGIST_PNTTM,FRST_REGISTER_ID,LAST_UPDT_PNTTM,LAST_UPDUSR_ID) values ('CHG010','06','세계측지계(동부)','세계측지계(동부)','Y',CURRENT_TIMESTAMP,'SYSTEM',CURRENT_TIMESTAMP,'SYSTEM');
insert into LETTCCMMNDETAILCODE(CODE_ID,CODE,CODE_NM,CODE_DC,USE_AT,FRST_REGIST_PNTTM,FRST_REGISTER_ID,LAST_UPDT_PNTTM,LAST_UPDUSR_ID) values ('CHG010','07','세계측지계(동해)','세계측지계(동해)','Y',CURRENT_TIMESTAMP,'SYSTEM',CURRENT_TIMESTAMP,'SYSTEM');

insert into LETTCCMMNDETAILCODE(CODE_ID,CODE,CODE_NM,CODE_DC,USE_AT,FRST_REGIST_PNTTM,FRST_REGISTER_ID,LAST_UPDT_PNTTM,LAST_UPDUSR_ID) values ('CHG011','00','미분류','미분류','Y',CURRENT_TIMESTAMP,'SYSTEM',CURRENT_TIMESTAMP,'SYSTEM');

insert into LETTCCMMNDETAILCODE(CODE_ID,CODE,CODE_NM,CODE_DC,USE_AT,FRST_REGIST_PNTTM,FRST_REGISTER_ID,LAST_UPDT_PNTTM,LAST_UPDUSR_ID) values ('CHG012','01','1/5000','1/5000','Y',CURRENT_TIMESTAMP,'SYSTEM',CURRENT_TIMESTAMP,'SYSTEM');
insert into LETTCCMMNDETAILCODE(CODE_ID,CODE,CODE_NM,CODE_DC,USE_AT,FRST_REGIST_PNTTM,FRST_REGISTER_ID,LAST_UPDT_PNTTM,LAST_UPDUSR_ID) values ('CHG012','02','1/25000','1/25000','Y',CURRENT_TIMESTAMP,'SYSTEM',CURRENT_TIMESTAMP,'SYSTEM');

insert into LETTCCMMNDETAILCODE(CODE_ID,CODE,CODE_NM,CODE_DC,USE_AT,FRST_REGIST_PNTTM,FRST_REGISTER_ID,LAST_UPDT_PNTTM,LAST_UPDUSR_ID) values ('CHG013','01','dxf','dxf','Y',CURRENT_TIMESTAMP,'SYSTEM',CURRENT_TIMESTAMP,'SYSTEM');
insert into LETTCCMMNDETAILCODE(CODE_ID,CODE,CODE_NM,CODE_DC,USE_AT,FRST_REGIST_PNTTM,FRST_REGISTER_ID,LAST_UPDT_PNTTM,LAST_UPDUSR_ID) values ('CHG013','02','dwg','dwg','Y',CURRENT_TIMESTAMP,'SYSTEM',CURRENT_TIMESTAMP,'SYSTEM');
insert into LETTCCMMNDETAILCODE(CODE_ID,CODE,CODE_NM,CODE_DC,USE_AT,FRST_REGIST_PNTTM,FRST_REGISTER_ID,LAST_UPDT_PNTTM,LAST_UPDUSR_ID) values ('CHG013','03','ngi','ngi','Y',CURRENT_TIMESTAMP,'SYSTEM',CURRENT_TIMESTAMP,'SYSTEM');
insert into LETTCCMMNDETAILCODE(CODE_ID,CODE,CODE_NM,CODE_DC,USE_AT,FRST_REGIST_PNTTM,FRST_REGISTER_ID,LAST_UPDT_PNTTM,LAST_UPDUSR_ID) values ('CHG013','04','shp','shp','Y',CURRENT_TIMESTAMP,'SYSTEM',CURRENT_TIMESTAMP,'SYSTEM');
insert into LETTCCMMNDETAILCODE(CODE_ID,CODE,CODE_NM,CODE_DC,USE_AT,FRST_REGIST_PNTTM,FRST_REGISTER_ID,LAST_UPDT_PNTTM,LAST_UPDUSR_ID) values ('CHG013','05','기타','기타','Y',CURRENT_TIMESTAMP,'SYSTEM',CURRENT_TIMESTAMP,'SYSTEM');

insert into LETTCCMMNDETAILCODE(CODE_ID,CODE,CODE_NM,CODE_DC,USE_AT,FRST_REGIST_PNTTM,FRST_REGISTER_ID,LAST_UPDT_PNTTM,LAST_UPDUSR_ID) values ('CHG014','01','위치도','위치도','Y',CURRENT_TIMESTAMP,'SYSTEM',CURRENT_TIMESTAMP,'SYSTEM');
insert into LETTCCMMNDETAILCODE(CODE_ID,CODE,CODE_NM,CODE_DC,USE_AT,FRST_REGIST_PNTTM,FRST_REGISTER_ID,LAST_UPDT_PNTTM,LAST_UPDUSR_ID) values ('CHG014','02','착공/설계도','착공/설계도','Y',CURRENT_TIMESTAMP,'SYSTEM',CURRENT_TIMESTAMP,'SYSTEM');
insert into LETTCCMMNDETAILCODE(CODE_ID,CODE,CODE_NM,CODE_DC,USE_AT,FRST_REGIST_PNTTM,FRST_REGISTER_ID,LAST_UPDT_PNTTM,LAST_UPDUSR_ID) values ('CHG014','03','준공도','준공도','Y',CURRENT_TIMESTAMP,'SYSTEM',CURRENT_TIMESTAMP,'SYSTEM');

insert into LETTCCMMNDETAILCODE(CODE_ID,CODE,CODE_NM,CODE_DC,USE_AT,FRST_REGIST_PNTTM,FRST_REGISTER_ID,LAST_UPDT_PNTTM,LAST_UPDUSR_ID) values ('CHG015','01','기관별','기관별','Y',CURRENT_TIMESTAMP,'SYSTEM',CURRENT_TIMESTAMP,'SYSTEM');
insert into LETTCCMMNDETAILCODE(CODE_ID,CODE,CODE_NM,CODE_DC,USE_AT,FRST_REGIST_PNTTM,FRST_REGISTER_ID,LAST_UPDT_PNTTM,LAST_UPDUSR_ID) values ('CHG015','02','도엽별','도엽별','Y',CURRENT_TIMESTAMP,'SYSTEM',CURRENT_TIMESTAMP,'SYSTEM');
insert into LETTCCMMNDETAILCODE(CODE_ID,CODE,CODE_NM,CODE_DC,USE_AT,FRST_REGIST_PNTTM,FRST_REGISTER_ID,LAST_UPDT_PNTTM,LAST_UPDUSR_ID) values ('CHG015','03','행정구역별','행정구역별','Y',CURRENT_TIMESTAMP,'SYSTEM',CURRENT_TIMESTAMP,'SYSTEM');

insert into LETTCCMMNDETAILCODE(CODE_ID,CODE,CODE_NM,CODE_DC,USE_AT,FRST_REGIST_PNTTM,FRST_REGISTER_ID,LAST_UPDT_PNTTM,LAST_UPDUSR_ID) values ('CHG016','01','중앙청','중앙청','Y',CURRENT_TIMESTAMP,'SYSTEM',CURRENT_TIMESTAMP,'SYSTEM');
insert into LETTCCMMNDETAILCODE(CODE_ID,CODE,CODE_NM,CODE_DC,USE_AT,FRST_REGIST_PNTTM,FRST_REGISTER_ID,LAST_UPDT_PNTTM,LAST_UPDUSR_ID) values ('CHG016','02','지방청','지방청','Y',CURRENT_TIMESTAMP,'SYSTEM',CURRENT_TIMESTAMP,'SYSTEM');
insert into LETTCCMMNDETAILCODE(CODE_ID,CODE,CODE_NM,CODE_DC,USE_AT,FRST_REGIST_PNTTM,FRST_REGISTER_ID,LAST_UPDT_PNTTM,LAST_UPDUSR_ID) values ('CHG016','03','지자체','지자체','Y',CURRENT_TIMESTAMP,'SYSTEM',CURRENT_TIMESTAMP,'SYSTEM');
insert into LETTCCMMNDETAILCODE(CODE_ID,CODE,CODE_NM,CODE_DC,USE_AT,FRST_REGIST_PNTTM,FRST_REGISTER_ID,LAST_UPDT_PNTTM,LAST_UPDUSR_ID) values ('CHG016','04','유관기관','유관기관','Y',CURRENT_TIMESTAMP,'SYSTEM',CURRENT_TIMESTAMP,'SYSTEM');
insert into LETTCCMMNDETAILCODE(CODE_ID,CODE,CODE_NM,CODE_DC,USE_AT,FRST_REGIST_PNTTM,FRST_REGISTER_ID,LAST_UPDT_PNTTM,LAST_UPDUSR_ID) values ('CHG016','05','수정업체','수정업체','Y',CURRENT_TIMESTAMP,'SYSTEM',CURRENT_TIMESTAMP,'SYSTEM');

insert into LETTCCMMNDETAILCODE(CODE_ID,CODE,CODE_NM,CODE_DC,USE_AT,FRST_REGIST_PNTTM,FRST_REGISTER_ID,LAST_UPDT_PNTTM,LAST_UPDUSR_ID) values ('CHG017','01','위치기반 지형변화정보','위치기반 지형변화정보','Y',CURRENT_TIMESTAMP,'SYSTEM',CURRENT_TIMESTAMP,'SYSTEM');
insert into LETTCCMMNDETAILCODE(CODE_ID,CODE,CODE_NM,CODE_DC,USE_AT,FRST_REGIST_PNTTM,FRST_REGISTER_ID,LAST_UPDT_PNTTM,LAST_UPDUSR_ID) values ('CHG017','02','도엽별 지형변화정보','도엽별 지형변화정보','Y',CURRENT_TIMESTAMP,'SYSTEM',CURRENT_TIMESTAMP,'SYSTEM');
insert into LETTCCMMNDETAILCODE(CODE_ID,CODE,CODE_NM,CODE_DC,USE_AT,FRST_REGIST_PNTTM,FRST_REGISTER_ID,LAST_UPDT_PNTTM,LAST_UPDUSR_ID) values ('CHG017','03','공사번호별 지형변화정보','공사번호별 지형변화정보','Y',CURRENT_TIMESTAMP,'SYSTEM',CURRENT_TIMESTAMP,'SYSTEM');
insert into LETTCCMMNDETAILCODE(CODE_ID,CODE,CODE_NM,CODE_DC,USE_AT,FRST_REGIST_PNTTM,FRST_REGISTER_ID,LAST_UPDT_PNTTM,LAST_UPDUSR_ID) values ('CHG017','04','지형지물별 변화정보','지형지물별 변화정보','Y',CURRENT_TIMESTAMP,'SYSTEM',CURRENT_TIMESTAMP,'SYSTEM');


insert into LETTCCMMNDETAILCODE(CODE_ID,CODE,CODE_NM,CODE_DC,USE_AT,FRST_REGIST_PNTTM,FRST_REGISTER_ID,LAST_UPDT_PNTTM,LAST_UPDUSR_ID) values ('CHG018','001','국토지리정보원','국토지리정보원','Y',CURRENT_TIMESTAMP,'SYSTEM',CURRENT_TIMESTAMP,'SYSTEM');
insert into LETTCCMMNDETAILCODE(CODE_ID,CODE,CODE_NM,CODE_DC,USE_AT,FRST_REGIST_PNTTM,FRST_REGISTER_ID,LAST_UPDT_PNTTM,LAST_UPDUSR_ID) values ('CHG018','002','국토해양부(국토청)','국토해양부(국토청)','Y',CURRENT_TIMESTAMP,'SYSTEM',CURRENT_TIMESTAMP,'SYSTEM');
insert into LETTCCMMNDETAILCODE(CODE_ID,CODE,CODE_NM,CODE_DC,USE_AT,FRST_REGIST_PNTTM,FRST_REGISTER_ID,LAST_UPDT_PNTTM,LAST_UPDUSR_ID) values ('CHG018','101','서울지방국토관리청','서울지방국토관리청','Y',CURRENT_TIMESTAMP,'SYSTEM',CURRENT_TIMESTAMP,'SYSTEM');
insert into LETTCCMMNDETAILCODE(CODE_ID,CODE,CODE_NM,CODE_DC,USE_AT,FRST_REGIST_PNTTM,FRST_REGISTER_ID,LAST_UPDT_PNTTM,LAST_UPDUSR_ID) values ('CHG018','102','부산지방국토관리청','부산지방국토관리청','Y',CURRENT_TIMESTAMP,'SYSTEM',CURRENT_TIMESTAMP,'SYSTEM');
insert into LETTCCMMNDETAILCODE(CODE_ID,CODE,CODE_NM,CODE_DC,USE_AT,FRST_REGIST_PNTTM,FRST_REGISTER_ID,LAST_UPDT_PNTTM,LAST_UPDUSR_ID) values ('CHG018','103','대전지방국토관리청','대전지방국토관리청','Y',CURRENT_TIMESTAMP,'SYSTEM',CURRENT_TIMESTAMP,'SYSTEM');
insert into LETTCCMMNDETAILCODE(CODE_ID,CODE,CODE_NM,CODE_DC,USE_AT,FRST_REGIST_PNTTM,FRST_REGISTER_ID,LAST_UPDT_PNTTM,LAST_UPDUSR_ID) values ('CHG018','104','익산지방국토관리청','익산지방국토관리청','Y',CURRENT_TIMESTAMP,'SYSTEM',CURRENT_TIMESTAMP,'SYSTEM');
insert into LETTCCMMNDETAILCODE(CODE_ID,CODE,CODE_NM,CODE_DC,USE_AT,FRST_REGIST_PNTTM,FRST_REGISTER_ID,LAST_UPDT_PNTTM,LAST_UPDUSR_ID) values ('CHG018','105','원주지방국토관리청','원주지방국토관리청','Y',CURRENT_TIMESTAMP,'SYSTEM',CURRENT_TIMESTAMP,'SYSTEM');
insert into LETTCCMMNDETAILCODE(CODE_ID,CODE,CODE_NM,CODE_DC,USE_AT,FRST_REGIST_PNTTM,FRST_REGISTER_ID,LAST_UPDT_PNTTM,LAST_UPDUSR_ID) values ('CHG018','201','서울특별시','서울특별시','Y',CURRENT_TIMESTAMP,'SYSTEM',CURRENT_TIMESTAMP,'SYSTEM');
insert into LETTCCMMNDETAILCODE(CODE_ID,CODE,CODE_NM,CODE_DC,USE_AT,FRST_REGIST_PNTTM,FRST_REGISTER_ID,LAST_UPDT_PNTTM,LAST_UPDUSR_ID) values ('CHG018','202','부산광역시','부산광역시','Y',CURRENT_TIMESTAMP,'SYSTEM',CURRENT_TIMESTAMP,'SYSTEM');
insert into LETTCCMMNDETAILCODE(CODE_ID,CODE,CODE_NM,CODE_DC,USE_AT,FRST_REGIST_PNTTM,FRST_REGISTER_ID,LAST_UPDT_PNTTM,LAST_UPDUSR_ID) values ('CHG018','203','인천광역시','인천광역시','Y',CURRENT_TIMESTAMP,'SYSTEM',CURRENT_TIMESTAMP,'SYSTEM');
insert into LETTCCMMNDETAILCODE(CODE_ID,CODE,CODE_NM,CODE_DC,USE_AT,FRST_REGIST_PNTTM,FRST_REGISTER_ID,LAST_UPDT_PNTTM,LAST_UPDUSR_ID) values ('CHG018','204','대구광역시','대구광역시','Y',CURRENT_TIMESTAMP,'SYSTEM',CURRENT_TIMESTAMP,'SYSTEM');
insert into LETTCCMMNDETAILCODE(CODE_ID,CODE,CODE_NM,CODE_DC,USE_AT,FRST_REGIST_PNTTM,FRST_REGISTER_ID,LAST_UPDT_PNTTM,LAST_UPDUSR_ID) values ('CHG018','205','대전광역시','대전광역시','Y',CURRENT_TIMESTAMP,'SYSTEM',CURRENT_TIMESTAMP,'SYSTEM');
insert into LETTCCMMNDETAILCODE(CODE_ID,CODE,CODE_NM,CODE_DC,USE_AT,FRST_REGIST_PNTTM,FRST_REGISTER_ID,LAST_UPDT_PNTTM,LAST_UPDUSR_ID) values ('CHG018','206','광주광역시','광주광역시','Y',CURRENT_TIMESTAMP,'SYSTEM',CURRENT_TIMESTAMP,'SYSTEM');
insert into LETTCCMMNDETAILCODE(CODE_ID,CODE,CODE_NM,CODE_DC,USE_AT,FRST_REGIST_PNTTM,FRST_REGISTER_ID,LAST_UPDT_PNTTM,LAST_UPDUSR_ID) values ('CHG018','207','울산광역시','울산광역시','Y',CURRENT_TIMESTAMP,'SYSTEM',CURRENT_TIMESTAMP,'SYSTEM');
insert into LETTCCMMNDETAILCODE(CODE_ID,CODE,CODE_NM,CODE_DC,USE_AT,FRST_REGIST_PNTTM,FRST_REGISTER_ID,LAST_UPDT_PNTTM,LAST_UPDUSR_ID) values ('CHG018','208','경기도','경기도','Y',CURRENT_TIMESTAMP,'SYSTEM',CURRENT_TIMESTAMP,'SYSTEM');
insert into LETTCCMMNDETAILCODE(CODE_ID,CODE,CODE_NM,CODE_DC,USE_AT,FRST_REGIST_PNTTM,FRST_REGISTER_ID,LAST_UPDT_PNTTM,LAST_UPDUSR_ID) values ('CHG018','209','강원도','강원도','Y',CURRENT_TIMESTAMP,'SYSTEM',CURRENT_TIMESTAMP,'SYSTEM');
insert into LETTCCMMNDETAILCODE(CODE_ID,CODE,CODE_NM,CODE_DC,USE_AT,FRST_REGIST_PNTTM,FRST_REGISTER_ID,LAST_UPDT_PNTTM,LAST_UPDUSR_ID) values ('CHG018','210','충청남도','충청남도','Y',CURRENT_TIMESTAMP,'SYSTEM',CURRENT_TIMESTAMP,'SYSTEM');
insert into LETTCCMMNDETAILCODE(CODE_ID,CODE,CODE_NM,CODE_DC,USE_AT,FRST_REGIST_PNTTM,FRST_REGISTER_ID,LAST_UPDT_PNTTM,LAST_UPDUSR_ID) values ('CHG018','211','충청북도','충청북도','Y',CURRENT_TIMESTAMP,'SYSTEM',CURRENT_TIMESTAMP,'SYSTEM');
insert into LETTCCMMNDETAILCODE(CODE_ID,CODE,CODE_NM,CODE_DC,USE_AT,FRST_REGIST_PNTTM,FRST_REGISTER_ID,LAST_UPDT_PNTTM,LAST_UPDUSR_ID) values ('CHG018','212','경상남도','경상남도','Y',CURRENT_TIMESTAMP,'SYSTEM',CURRENT_TIMESTAMP,'SYSTEM');
insert into LETTCCMMNDETAILCODE(CODE_ID,CODE,CODE_NM,CODE_DC,USE_AT,FRST_REGIST_PNTTM,FRST_REGISTER_ID,LAST_UPDT_PNTTM,LAST_UPDUSR_ID) values ('CHG018','213','경상북도','경상북도','Y',CURRENT_TIMESTAMP,'SYSTEM',CURRENT_TIMESTAMP,'SYSTEM');
insert into LETTCCMMNDETAILCODE(CODE_ID,CODE,CODE_NM,CODE_DC,USE_AT,FRST_REGIST_PNTTM,FRST_REGISTER_ID,LAST_UPDT_PNTTM,LAST_UPDUSR_ID) values ('CHG018','214','전라남도','전라남도','Y',CURRENT_TIMESTAMP,'SYSTEM',CURRENT_TIMESTAMP,'SYSTEM');
insert into LETTCCMMNDETAILCODE(CODE_ID,CODE,CODE_NM,CODE_DC,USE_AT,FRST_REGIST_PNTTM,FRST_REGISTER_ID,LAST_UPDT_PNTTM,LAST_UPDUSR_ID) values ('CHG018','215','전라북도','전라북도','Y',CURRENT_TIMESTAMP,'SYSTEM',CURRENT_TIMESTAMP,'SYSTEM');
insert into LETTCCMMNDETAILCODE(CODE_ID,CODE,CODE_NM,CODE_DC,USE_AT,FRST_REGIST_PNTTM,FRST_REGISTER_ID,LAST_UPDT_PNTTM,LAST_UPDUSR_ID) values ('CHG018','216','제주특별자치도','제주특별자치도','Y',CURRENT_TIMESTAMP,'SYSTEM',CURRENT_TIMESTAMP,'SYSTEM');
insert into LETTCCMMNDETAILCODE(CODE_ID,CODE,CODE_NM,CODE_DC,USE_AT,FRST_REGIST_PNTTM,FRST_REGISTER_ID,LAST_UPDT_PNTTM,LAST_UPDUSR_ID) values ('CHG018','217','세종특별자치시','세종특별자치시','Y',CURRENT_TIMESTAMP,'SYSTEM',CURRENT_TIMESTAMP,'SYSTEM');
insert into LETTCCMMNDETAILCODE(CODE_ID,CODE,CODE_NM,CODE_DC,USE_AT,FRST_REGIST_PNTTM,FRST_REGISTER_ID,LAST_UPDT_PNTTM,LAST_UPDUSR_ID) values ('CHG018','392','한국도로공사','한국도로공사','Y',CURRENT_TIMESTAMP,'SYSTEM',CURRENT_TIMESTAMP,'SYSTEM');
insert into LETTCCMMNDETAILCODE(CODE_ID,CODE,CODE_NM,CODE_DC,USE_AT,FRST_REGIST_PNTTM,FRST_REGISTER_ID,LAST_UPDT_PNTTM,LAST_UPDUSR_ID) values ('CHG018','393','한국수자원공사','한국수자원공사','Y',CURRENT_TIMESTAMP,'SYSTEM',CURRENT_TIMESTAMP,'SYSTEM');


insert into LETTCCMMNDETAILCODE(CODE_ID,CODE,CODE_NM,CODE_DC,USE_AT,FRST_REGIST_PNTTM,FRST_REGISTER_ID,LAST_UPDT_PNTTM,LAST_UPDUSR_ID) values ('CHG019','001','국토지리정보원','국토지리정보원','Y',CURRENT_TIMESTAMP,'SYSTEM',CURRENT_TIMESTAMP,'SYSTEM');
insert into LETTCCMMNDETAILCODE(CODE_ID,CODE,CODE_NM,CODE_DC,USE_AT,FRST_REGIST_PNTTM,FRST_REGISTER_ID,LAST_UPDT_PNTTM,LAST_UPDUSR_ID) values ('CHG019','002','국토해양부(국토청)','국토해양부(국토청)','Y',CURRENT_TIMESTAMP,'SYSTEM',CURRENT_TIMESTAMP,'SYSTEM');
insert into LETTCCMMNDETAILCODE(CODE_ID,CODE,CODE_NM,CODE_DC,USE_AT,FRST_REGIST_PNTTM,FRST_REGISTER_ID,LAST_UPDT_PNTTM,LAST_UPDUSR_ID) values ('CHG019','101','서울지방국토관리청','서울지방국토관리청','Y',CURRENT_TIMESTAMP,'SYSTEM',CURRENT_TIMESTAMP,'SYSTEM');
insert into LETTCCMMNDETAILCODE(CODE_ID,CODE,CODE_NM,CODE_DC,USE_AT,FRST_REGIST_PNTTM,FRST_REGISTER_ID,LAST_UPDT_PNTTM,LAST_UPDUSR_ID) values ('CHG019','10101','서울지방국토관리청 도로계획과','서울지방국토관리청 도로계획과','Y',CURRENT_TIMESTAMP,'SYSTEM',CURRENT_TIMESTAMP,'SYSTEM');
insert into LETTCCMMNDETAILCODE(CODE_ID,CODE,CODE_NM,CODE_DC,USE_AT,FRST_REGIST_PNTTM,FRST_REGISTER_ID,LAST_UPDT_PNTTM,LAST_UPDUSR_ID) values ('CHG019','10102','서울지방국토관리청 하천계획과','서울지방국토관리청 하천계획과','Y',CURRENT_TIMESTAMP,'SYSTEM',CURRENT_TIMESTAMP,'SYSTEM');
insert into LETTCCMMNDETAILCODE(CODE_ID,CODE,CODE_NM,CODE_DC,USE_AT,FRST_REGIST_PNTTM,FRST_REGISTER_ID,LAST_UPDT_PNTTM,LAST_UPDUSR_ID) values ('CHG019','102','부산지방국토관리청','부산지방국토관리청','Y',CURRENT_TIMESTAMP,'SYSTEM',CURRENT_TIMESTAMP,'SYSTEM');
insert into LETTCCMMNDETAILCODE(CODE_ID,CODE,CODE_NM,CODE_DC,USE_AT,FRST_REGIST_PNTTM,FRST_REGISTER_ID,LAST_UPDT_PNTTM,LAST_UPDUSR_ID) values ('CHG019','10201','부산지방국토관리청 도로계획과','부산지방국토관리청 도로계획과','Y',CURRENT_TIMESTAMP,'SYSTEM',CURRENT_TIMESTAMP,'SYSTEM');
insert into LETTCCMMNDETAILCODE(CODE_ID,CODE,CODE_NM,CODE_DC,USE_AT,FRST_REGIST_PNTTM,FRST_REGISTER_ID,LAST_UPDT_PNTTM,LAST_UPDUSR_ID) values ('CHG019','10202','부산지방국토관리청 하천계획과','부산지방국토관리청 하천계획과','Y',CURRENT_TIMESTAMP,'SYSTEM',CURRENT_TIMESTAMP,'SYSTEM');
insert into LETTCCMMNDETAILCODE(CODE_ID,CODE,CODE_NM,CODE_DC,USE_AT,FRST_REGIST_PNTTM,FRST_REGISTER_ID,LAST_UPDT_PNTTM,LAST_UPDUSR_ID) values ('CHG019','103','대전지방국토관리청','대전지방국토관리청','Y',CURRENT_TIMESTAMP,'SYSTEM',CURRENT_TIMESTAMP,'SYSTEM');
insert into LETTCCMMNDETAILCODE(CODE_ID,CODE,CODE_NM,CODE_DC,USE_AT,FRST_REGIST_PNTTM,FRST_REGISTER_ID,LAST_UPDT_PNTTM,LAST_UPDUSR_ID) values ('CHG019','10301','대전지방국토관리청 도로계획과','대전지방국토관리청 도로계획과','Y',CURRENT_TIMESTAMP,'SYSTEM',CURRENT_TIMESTAMP,'SYSTEM');
insert into LETTCCMMNDETAILCODE(CODE_ID,CODE,CODE_NM,CODE_DC,USE_AT,FRST_REGIST_PNTTM,FRST_REGISTER_ID,LAST_UPDT_PNTTM,LAST_UPDUSR_ID) values ('CHG019','10302','대전지방국토관리청 하천계획과','대전지방국토관리청 하천계획과','Y',CURRENT_TIMESTAMP,'SYSTEM',CURRENT_TIMESTAMP,'SYSTEM');
insert into LETTCCMMNDETAILCODE(CODE_ID,CODE,CODE_NM,CODE_DC,USE_AT,FRST_REGIST_PNTTM,FRST_REGISTER_ID,LAST_UPDT_PNTTM,LAST_UPDUSR_ID) values ('CHG019','104','익산지방국토관리청','익산지방국토관리청','Y',CURRENT_TIMESTAMP,'SYSTEM',CURRENT_TIMESTAMP,'SYSTEM');
insert into LETTCCMMNDETAILCODE(CODE_ID,CODE,CODE_NM,CODE_DC,USE_AT,FRST_REGIST_PNTTM,FRST_REGISTER_ID,LAST_UPDT_PNTTM,LAST_UPDUSR_ID) values ('CHG019','10401','익산지방국토관리청 도로계획과','익산지방국토관리청 도로계획과','Y',CURRENT_TIMESTAMP,'SYSTEM',CURRENT_TIMESTAMP,'SYSTEM');
insert into LETTCCMMNDETAILCODE(CODE_ID,CODE,CODE_NM,CODE_DC,USE_AT,FRST_REGIST_PNTTM,FRST_REGISTER_ID,LAST_UPDT_PNTTM,LAST_UPDUSR_ID) values ('CHG019','10402','익산지방국토관리청 하천계획과','익산지방국토관리청 하천계획과','Y',CURRENT_TIMESTAMP,'SYSTEM',CURRENT_TIMESTAMP,'SYSTEM');
insert into LETTCCMMNDETAILCODE(CODE_ID,CODE,CODE_NM,CODE_DC,USE_AT,FRST_REGIST_PNTTM,FRST_REGISTER_ID,LAST_UPDT_PNTTM,LAST_UPDUSR_ID) values ('CHG019','105','원주지방국토관리청','원주지방국토관리청','Y',CURRENT_TIMESTAMP,'SYSTEM',CURRENT_TIMESTAMP,'SYSTEM');
insert into LETTCCMMNDETAILCODE(CODE_ID,CODE,CODE_NM,CODE_DC,USE_AT,FRST_REGIST_PNTTM,FRST_REGISTER_ID,LAST_UPDT_PNTTM,LAST_UPDUSR_ID) values ('CHG019','10501','원주지방국토관리청 도로계획과','원주지방국토관리청 도로계획과','Y',CURRENT_TIMESTAMP,'SYSTEM',CURRENT_TIMESTAMP,'SYSTEM');
insert into LETTCCMMNDETAILCODE(CODE_ID,CODE,CODE_NM,CODE_DC,USE_AT,FRST_REGIST_PNTTM,FRST_REGISTER_ID,LAST_UPDT_PNTTM,LAST_UPDUSR_ID) values ('CHG019','10502','원주지방국토관리청 하천계획과','원주지방국토관리청 하천계획과','Y',CURRENT_TIMESTAMP,'SYSTEM',CURRENT_TIMESTAMP,'SYSTEM');


insert into LETTCCMMNDETAILCODE(CODE_ID,CODE,CODE_NM,CODE_DC,USE_AT,FRST_REGIST_PNTTM,FRST_REGISTER_ID,LAST_UPDT_PNTTM,LAST_UPDUSR_ID) values ('CHG020','001','국토지리정보원','국토지리정보원','Y',CURRENT_TIMESTAMP,'SYSTEM',CURRENT_TIMESTAMP,'SYSTEM');
insert into LETTCCMMNDETAILCODE(CODE_ID,CODE,CODE_NM,CODE_DC,USE_AT,FRST_REGIST_PNTTM,FRST_REGISTER_ID,LAST_UPDT_PNTTM,LAST_UPDUSR_ID) values ('CHG020','002','국토해양부(국토청)','국토해양부(국토청)','Y',CURRENT_TIMESTAMP,'SYSTEM',CURRENT_TIMESTAMP,'SYSTEM');
insert into LETTCCMMNDETAILCODE(CODE_ID,CODE,CODE_NM,CODE_DC,USE_AT,FRST_REGIST_PNTTM,FRST_REGISTER_ID,LAST_UPDT_PNTTM,LAST_UPDUSR_ID) values ('CHG020','101','서울지방국토관리청','서울지방국토관리청','Y',CURRENT_TIMESTAMP,'SYSTEM',CURRENT_TIMESTAMP,'SYSTEM');
insert into LETTCCMMNDETAILCODE(CODE_ID,CODE,CODE_NM,CODE_DC,USE_AT,FRST_REGIST_PNTTM,FRST_REGISTER_ID,LAST_UPDT_PNTTM,LAST_UPDUSR_ID) values ('CHG020','10101','서울지방국토관리청 도로계획과','서울지방국토관리청 도로계획과','Y',CURRENT_TIMESTAMP,'SYSTEM',CURRENT_TIMESTAMP,'SYSTEM');
insert into LETTCCMMNDETAILCODE(CODE_ID,CODE,CODE_NM,CODE_DC,USE_AT,FRST_REGIST_PNTTM,FRST_REGISTER_ID,LAST_UPDT_PNTTM,LAST_UPDUSR_ID) values ('CHG020','10102','서울지방국토관리청 하천계획과','서울지방국토관리청 하천계획과','Y',CURRENT_TIMESTAMP,'SYSTEM',CURRENT_TIMESTAMP,'SYSTEM');
insert into LETTCCMMNDETAILCODE(CODE_ID,CODE,CODE_NM,CODE_DC,USE_AT,FRST_REGIST_PNTTM,FRST_REGISTER_ID,LAST_UPDT_PNTTM,LAST_UPDUSR_ID) values ('CHG020','102','부산지방국토관리청','부산지방국토관리청','Y',CURRENT_TIMESTAMP,'SYSTEM',CURRENT_TIMESTAMP,'SYSTEM');
insert into LETTCCMMNDETAILCODE(CODE_ID,CODE,CODE_NM,CODE_DC,USE_AT,FRST_REGIST_PNTTM,FRST_REGISTER_ID,LAST_UPDT_PNTTM,LAST_UPDUSR_ID) values ('CHG020','10201','부산지방국토관리청 도로계획과','부산지방국토관리청 도로계획과','Y',CURRENT_TIMESTAMP,'SYSTEM',CURRENT_TIMESTAMP,'SYSTEM');
insert into LETTCCMMNDETAILCODE(CODE_ID,CODE,CODE_NM,CODE_DC,USE_AT,FRST_REGIST_PNTTM,FRST_REGISTER_ID,LAST_UPDT_PNTTM,LAST_UPDUSR_ID) values ('CHG020','10202','부산지방국토관리청 하천계획과','부산지방국토관리청 하천계획과','Y',CURRENT_TIMESTAMP,'SYSTEM',CURRENT_TIMESTAMP,'SYSTEM');
insert into LETTCCMMNDETAILCODE(CODE_ID,CODE,CODE_NM,CODE_DC,USE_AT,FRST_REGIST_PNTTM,FRST_REGISTER_ID,LAST_UPDT_PNTTM,LAST_UPDUSR_ID) values ('CHG020','103','대전지방국토관리청','대전지방국토관리청','Y',CURRENT_TIMESTAMP,'SYSTEM',CURRENT_TIMESTAMP,'SYSTEM');
insert into LETTCCMMNDETAILCODE(CODE_ID,CODE,CODE_NM,CODE_DC,USE_AT,FRST_REGIST_PNTTM,FRST_REGISTER_ID,LAST_UPDT_PNTTM,LAST_UPDUSR_ID) values ('CHG020','10301','대전지방국토관리청 도로계획과','대전지방국토관리청 도로계획과','Y',CURRENT_TIMESTAMP,'SYSTEM',CURRENT_TIMESTAMP,'SYSTEM');
insert into LETTCCMMNDETAILCODE(CODE_ID,CODE,CODE_NM,CODE_DC,USE_AT,FRST_REGIST_PNTTM,FRST_REGISTER_ID,LAST_UPDT_PNTTM,LAST_UPDUSR_ID) values ('CHG020','10302','대전지방국토관리청 하천계획과','대전지방국토관리청 하천계획과','Y',CURRENT_TIMESTAMP,'SYSTEM',CURRENT_TIMESTAMP,'SYSTEM');
insert into LETTCCMMNDETAILCODE(CODE_ID,CODE,CODE_NM,CODE_DC,USE_AT,FRST_REGIST_PNTTM,FRST_REGISTER_ID,LAST_UPDT_PNTTM,LAST_UPDUSR_ID) values ('CHG020','104','익산지방국토관리청','익산지방국토관리청','Y',CURRENT_TIMESTAMP,'SYSTEM',CURRENT_TIMESTAMP,'SYSTEM');
insert into LETTCCMMNDETAILCODE(CODE_ID,CODE,CODE_NM,CODE_DC,USE_AT,FRST_REGIST_PNTTM,FRST_REGISTER_ID,LAST_UPDT_PNTTM,LAST_UPDUSR_ID) values ('CHG020','10401','익산지방국토관리청 도로계획과','익산지방국토관리청 도로계획과','Y',CURRENT_TIMESTAMP,'SYSTEM',CURRENT_TIMESTAMP,'SYSTEM');
insert into LETTCCMMNDETAILCODE(CODE_ID,CODE,CODE_NM,CODE_DC,USE_AT,FRST_REGIST_PNTTM,FRST_REGISTER_ID,LAST_UPDT_PNTTM,LAST_UPDUSR_ID) values ('CHG020','10402','익산지방국토관리청 하천계획과','익산지방국토관리청 하천계획과','Y',CURRENT_TIMESTAMP,'SYSTEM',CURRENT_TIMESTAMP,'SYSTEM');
insert into LETTCCMMNDETAILCODE(CODE_ID,CODE,CODE_NM,CODE_DC,USE_AT,FRST_REGIST_PNTTM,FRST_REGISTER_ID,LAST_UPDT_PNTTM,LAST_UPDUSR_ID) values ('CHG020','105','원주지방국토관리청','원주지방국토관리청','Y',CURRENT_TIMESTAMP,'SYSTEM',CURRENT_TIMESTAMP,'SYSTEM');
insert into LETTCCMMNDETAILCODE(CODE_ID,CODE,CODE_NM,CODE_DC,USE_AT,FRST_REGIST_PNTTM,FRST_REGISTER_ID,LAST_UPDT_PNTTM,LAST_UPDUSR_ID) values ('CHG020','10501','원주지방국토관리청 도로계획과','원주지방국토관리청 도로계획과','Y',CURRENT_TIMESTAMP,'SYSTEM',CURRENT_TIMESTAMP,'SYSTEM');
insert into LETTCCMMNDETAILCODE(CODE_ID,CODE,CODE_NM,CODE_DC,USE_AT,FRST_REGIST_PNTTM,FRST_REGISTER_ID,LAST_UPDT_PNTTM,LAST_UPDUSR_ID) values ('CHG020','10502','원주지방국토관리청 하천계획과','원주지방국토관리청 하천계획과','Y',CURRENT_TIMESTAMP,'SYSTEM',CURRENT_TIMESTAMP,'SYSTEM');

insert into LETTCCMMNDETAILCODE(CODE_ID,CODE,CODE_NM,CODE_DC,USE_AT,FRST_REGIST_PNTTM,FRST_REGISTER_ID,LAST_UPDT_PNTTM,LAST_UPDUSR_ID) values ('CHG021','01','문서접수','문서접수','Y',CURRENT_TIMESTAMP,'SYSTEM',CURRENT_TIMESTAMP,'SYSTEM');
insert into LETTCCMMNDETAILCODE(CODE_ID,CODE,CODE_NM,CODE_DC,USE_AT,FRST_REGIST_PNTTM,FRST_REGISTER_ID,LAST_UPDT_PNTTM,LAST_UPDUSR_ID) values ('CHG021','02','나라장터','나라장터','Y',CURRENT_TIMESTAMP,'SYSTEM',CURRENT_TIMESTAMP,'SYSTEM');
insert into LETTCCMMNDETAILCODE(CODE_ID,CODE,CODE_NM,CODE_DC,USE_AT,FRST_REGIST_PNTTM,FRST_REGISTER_ID,LAST_UPDT_PNTTM,LAST_UPDUSR_ID) values ('CHG021','03','보도자료','보도자료','Y',CURRENT_TIMESTAMP,'SYSTEM',CURRENT_TIMESTAMP,'SYSTEM');
insert into LETTCCMMNDETAILCODE(CODE_ID,CODE,CODE_NM,CODE_DC,USE_AT,FRST_REGIST_PNTTM,FRST_REGISTER_ID,LAST_UPDT_PNTTM,LAST_UPDUSR_ID) values ('CHG021','04','솔넷자료','솔넷자료','Y',CURRENT_TIMESTAMP,'SYSTEM',CURRENT_TIMESTAMP,'SYSTEM');
insert into LETTCCMMNDETAILCODE(CODE_ID,CODE,CODE_NM,CODE_DC,USE_AT,FRST_REGIST_PNTTM,FRST_REGISTER_ID,LAST_UPDT_PNTTM,LAST_UPDUSR_ID) values ('CHG021','05','공공측량','공공측량','Y',CURRENT_TIMESTAMP,'SYSTEM',CURRENT_TIMESTAMP,'SYSTEM');
insert into LETTCCMMNDETAILCODE(CODE_ID,CODE,CODE_NM,CODE_DC,USE_AT,FRST_REGIST_PNTTM,FRST_REGISTER_ID,LAST_UPDT_PNTTM,LAST_UPDUSR_ID) values ('CHG021','06','기관보고','기관보고','Y',CURRENT_TIMESTAMP,'SYSTEM',CURRENT_TIMESTAMP,'SYSTEM');
insert into LETTCCMMNDETAILCODE(CODE_ID,CODE,CODE_NM,CODE_DC,USE_AT,FRST_REGIST_PNTTM,FRST_REGISTER_ID,LAST_UPDT_PNTTM,LAST_UPDUSR_ID) values ('CHG021','07','기타','기타','Y',CURRENT_TIMESTAMP,'SYSTEM',CURRENT_TIMESTAMP,'SYSTEM');



insert into LETTNROLEINFO(ROLE_CODE,ROLE_NM,ROLE_PTTRN,ROLE_DC,ROLE_TY,ROLE_SORT,ROLE_CREAT_DE) values ('sym-ccm-cca','sym-ccm-cca','/sym/ccm/cca/.*.do.*','공통코드 등록','url','8',CURRENT_TIMESTAMP);
insert into LETTNROLEINFO(ROLE_CODE,ROLE_NM,ROLE_PTTRN,ROLE_DC,ROLE_TY,ROLE_SORT,ROLE_CREAT_DE) values ('sym-ccm-ccc','sym-ccm-ccc','/sym/ccm/ccc/.*.do.*','공통분류코드 상세조회','url','9',CURRENT_TIMESTAMP);
insert into LETTNROLEINFO(ROLE_CODE,ROLE_NM,ROLE_PTTRN,ROLE_DC,ROLE_TY,ROLE_SORT,ROLE_CREAT_DE) values ('sym-ccm-cde','sym-ccm-cde','/sym/ccm/cde/.*.do.*','공통상세코드 등록','url','10',CURRENT_TIMESTAMP);


insert into LETTNAUTHORROLERELATE(AUTHOR_CODE,ROLE_CODE,CREAT_DT) values ('ROLE_ADMIN','sym-ccm-cca',CURRENT_TIMESTAMP);
insert into LETTNAUTHORROLERELATE(AUTHOR_CODE,ROLE_CODE,CREAT_DT) values ('ROLE_ADMIN','sym-ccm-ccc',CURRENT_TIMESTAMP);
insert into LETTNAUTHORROLERELATE(AUTHOR_CODE,ROLE_CODE,CREAT_DT) values ('ROLE_ADMIN','sym-ccm-cde',CURRENT_TIMESTAMP);


insert into LETTNPROGRMLIST(PROGRM_FILE_NM,PROGRM_STRE_PATH,PROGRM_KOREAN_NM,PROGRM_DC,URL) values ('EgovCcmCmmnClCodeDetail','/sym/ccm/ccc/','공통분류코드 상세조회','공통분류코드 상세조회','/sym/ccm/ccc/EgovCcmCmmnClCodeDetail.do');
insert into LETTNPROGRMLIST(PROGRM_FILE_NM,PROGRM_STRE_PATH,PROGRM_KOREAN_NM,PROGRM_DC,URL) values ('EgovCcmCmmnClCodeList','/sym/ccm/ccc/','공통분류코드목록 조회','공통분류코드목록 조회','/sym/ccm/ccc/EgovCcmCmmnClCodeList.do');
insert into LETTNPROGRMLIST(PROGRM_FILE_NM,PROGRM_STRE_PATH,PROGRM_KOREAN_NM,PROGRM_DC,URL) values ('EgovCcmCmmnClCodeModify','/sym/ccm/ccc/','공통분류코드 수정','공통분류코드 수정','/sym/ccm/ccc/EgovCcmCmmnClCodeModify.do');
insert into LETTNPROGRMLIST(PROGRM_FILE_NM,PROGRM_STRE_PATH,PROGRM_KOREAN_NM,PROGRM_DC,URL) values ('EgovCcmCmmnClCodeRegist','/sym/ccm/ccc/','공통분류코드 등록','공통분류코드 등록','/sym/ccm/ccc/EgovCcmCmmnClCodeRegist.do');
insert into LETTNPROGRMLIST(PROGRM_FILE_NM,PROGRM_STRE_PATH,PROGRM_KOREAN_NM,PROGRM_DC,URL) values ('EgovCcmCmmnCodeDetail','/sym/ccm/cca/','공통코드 상세조회','공통코드 상세조회','/sym/ccm/cca/EgovCcmCmmnCodeDetail.do');
insert into LETTNPROGRMLIST(PROGRM_FILE_NM,PROGRM_STRE_PATH,PROGRM_KOREAN_NM,PROGRM_DC,URL) values ('EgovCcmCmmnCodeList','/sym/ccm/cca/','공통코드목록 조회','공통코드목록 조회','/sym/ccm/cca/EgovCcmCmmnCodeList.do');
insert into LETTNPROGRMLIST(PROGRM_FILE_NM,PROGRM_STRE_PATH,PROGRM_KOREAN_NM,PROGRM_DC,URL) values ('EgovCcmCmmnCodeModify','/sym/ccm/cca/','공통코드 수정','공통코드 수정','/sym/ccm/cca/EgovCcmCmmnCodeModify.do');
insert into LETTNPROGRMLIST(PROGRM_FILE_NM,PROGRM_STRE_PATH,PROGRM_KOREAN_NM,PROGRM_DC,URL) values ('EgovCcmCmmnCodeRegist','/sym/ccm/cca/','공통코드 등록','공통코드 등록','/sym/ccm/cca/EgovCcmCmmnCodeRegist.do');
insert into LETTNPROGRMLIST(PROGRM_FILE_NM,PROGRM_STRE_PATH,PROGRM_KOREAN_NM,PROGRM_DC,URL) values ('EgovCcmCmmnDetailCodeDetail','/sym/ccm/cde/','공통상세코드 상세조회','공통상세코드 상세조회','/sym/ccm/cde/EgovCcmCmmnDetailCodeDetail.do');
insert into LETTNPROGRMLIST(PROGRM_FILE_NM,PROGRM_STRE_PATH,PROGRM_KOREAN_NM,PROGRM_DC,URL) values ('EgovCcmCmmnDetailCodeList','/sym/ccm/cde/','공통상세코드목록 조회','공통상세코드목록 조회','/sym/ccm/cde/EgovCcmCmmnDetailCodeList.do');
insert into LETTNPROGRMLIST(PROGRM_FILE_NM,PROGRM_STRE_PATH,PROGRM_KOREAN_NM,PROGRM_DC,URL) values ('EgovCcmCmmnDetailCodeModify','/sym/ccm/cde/','공통상세코드 수정','공통상세코드 수정','/sym/ccm/cde/EgovCcmCmmnDetailCodeModify.do');
insert into LETTNPROGRMLIST(PROGRM_FILE_NM,PROGRM_STRE_PATH,PROGRM_KOREAN_NM,PROGRM_DC,URL) values ('EgovCcmCmmnDetailCodeRegist','/sym/ccm/cde/','공통상세코드 등록','공통상세코드 등록','/sym/ccm/cde/EgovCcmCmmnDetailCodeRegist.do');

insert into LETTNMENUINFO(MENU_NM,PROGRM_FILE_NM,MENU_NO,UPPER_MENU_NO,MENU_ORDR,MENU_DC,RELATE_IMAGE_PATH,RELATE_IMAGE_NM) values ('코드관리','dir',6040000,6000000,4,'코드관리','/','/');
insert into LETTNMENUINFO(MENU_NM,PROGRM_FILE_NM,MENU_NO,UPPER_MENU_NO,MENU_ORDR,MENU_DC,RELATE_IMAGE_PATH,RELATE_IMAGE_NM) values ('분류코드관리','EgovCcmCmmnClCodeList',6040100,6040000,1,'분류코드관리','/','/');
insert into LETTNMENUINFO(MENU_NM,PROGRM_FILE_NM,MENU_NO,UPPER_MENU_NO,MENU_ORDR,MENU_DC,RELATE_IMAGE_PATH,RELATE_IMAGE_NM) values ('공통코드관리','EgovCcmCmmnCodeList',6040200,6040000,2,'공통코드관리','/','/');
insert into LETTNMENUINFO(MENU_NM,PROGRM_FILE_NM,MENU_NO,UPPER_MENU_NO,MENU_ORDR,MENU_DC,RELATE_IMAGE_PATH,RELATE_IMAGE_NM) values ('상세코드관리','EgovCcmCmmnDetailCodeList',6040300,6040000,3,'상세코드관리','','');


insert into LETTNMENUCREATDTLS(MENU_NO,AUTHOR_CODE,MAPNG_CREAT_ID) values (6040000,'ROLE_ADMIN',null);
insert into LETTNMENUCREATDTLS(MENU_NO,AUTHOR_CODE,MAPNG_CREAT_ID) values (6040100,'ROLE_ADMIN',null);
insert into LETTNMENUCREATDTLS(MENU_NO,AUTHOR_CODE,MAPNG_CREAT_ID) values (6040200,'ROLE_ADMIN',null);
insert into LETTNMENUCREATDTLS(MENU_NO,AUTHOR_CODE,MAPNG_CREAT_ID) values (6040300,'ROLE_ADMIN',null);
